id,date,mean,target
1,2000-10-01,6.374444599239252,Terrestrial
2,2000-10-01,6.51619403446006,Terrestrial (coincident aquatic)
3,2000-10-01,7.6070439203021705,Terrestrial (coincident aquatic)
4,2000-10-01,6.477161375601256,Terrestrial (coincident aquatic)
5,2000-10-01,5.656644047605916,Terrestrial
6,2000-10-01,5.890775353436494,Terrestrial
7,2000-10-01,6.766101853005294,Terrestrial (coincident aquatic)
8,2000-10-01,6.2998855753482,Terrestrial
9,2000-10-01,5.706962133630713,Terrestrial (coincident aquatic)
10,2000-10-01,7.5087364094413305,Terrestrial (coincident aquatic)
11,2000-10-01,6.971258349267649,Aquatic
12,2000-10-01,7.899248785519587,Aquatic
13,2000-10-01,6.706149694892798,Aquatic
14,2000-10-01,7.937144756317139,Aquatic
15,2000-10-01,,Aquatic
16,2000-10-01,8.018345832824707,Aquatic
17,2000-10-01,7.543422075418325,Aquatic
18,2000-10-01,5.967033863067627,Aquatic
19,2000-10-01,6.7745756411728175,Terrestrial
20,2000-10-01,5.935544109649757,Terrestrial
1,2000-11-01,5.941836956748391,Terrestrial
2,2000-11-01,5.970144824858036,Terrestrial (coincident aquatic)
3,2000-11-01,6.355545703684446,Terrestrial (coincident aquatic)
4,2000-11-01,5.754875980229548,Terrestrial (coincident aquatic)
5,2000-11-01,4.973864856153485,Terrestrial
6,2000-11-01,5.313846703855513,Terrestrial
7,2000-11-01,6.009347543925351,Terrestrial (coincident aquatic)
8,2000-11-01,5.50175346884529,Terrestrial
9,2000-11-01,4.843913796882403,Terrestrial (coincident aquatic)
10,2000-11-01,6.92330030376488,Terrestrial (coincident aquatic)
11,2000-11-01,6.618814766954961,Aquatic
12,2000-11-01,6.696077829332008,Aquatic
13,2000-11-01,5.866443507590991,Aquatic
14,2000-11-01,7.024974822998047,Aquatic
15,2000-11-01,,Aquatic
16,2000-11-01,6.610196113586426,Aquatic
17,2000-11-01,6.532740959754356,Aquatic
18,2000-11-01,5.620347023010254,Aquatic
19,2000-11-01,5.691390381788836,Terrestrial
20,2000-11-01,5.752160581889134,Terrestrial
1,2000-12-01,5.933802248242507,Terrestrial
2,2000-12-01,6.559249213057542,Terrestrial (coincident aquatic)
3,2000-12-01,6.528770838314081,Terrestrial (coincident aquatic)
4,2000-12-01,6.122651150157585,Terrestrial (coincident aquatic)
5,2000-12-01,5.043609709452846,Terrestrial
6,2000-12-01,5.500317715047204,Terrestrial
7,2000-12-01,5.644130813591748,Terrestrial (coincident aquatic)
8,2000-12-01,5.702886224066078,Terrestrial
9,2000-12-01,4.960713632932889,Terrestrial (coincident aquatic)
10,2000-12-01,8.19622654461628,Terrestrial (coincident aquatic)
11,2000-12-01,8.000261094402122,Aquatic
12,2000-12-01,6.269442421247707,Aquatic
13,2000-12-01,6.3996552917394744,Aquatic
14,2000-12-01,7.82137393951416,Aquatic
15,2000-12-01,,Aquatic
16,2000-12-01,6.8704071044921875,Aquatic
17,2000-12-01,7.1281771659851065,Aquatic
18,2000-12-01,6.128108501434326,Aquatic
19,2000-12-01,6.048330897488231,Terrestrial
20,2000-12-01,5.972711769719436,Terrestrial
1,2001-10-01,6.020762003553641,Terrestrial
2,2001-10-01,6.13026688120146,Terrestrial (coincident aquatic)
3,2001-10-01,7.172886293472088,Terrestrial (coincident aquatic)
4,2001-10-01,6.0760606431577235,Terrestrial (coincident aquatic)
5,2001-10-01,5.141292589326595,Terrestrial
6,2001-10-01,5.412481645202819,Terrestrial
7,2001-10-01,6.403921306800983,Terrestrial (coincident aquatic)
8,2001-10-01,5.711146270934085,Terrestrial
9,2001-10-01,5.213794864883308,Terrestrial (coincident aquatic)
10,2001-10-01,7.117895478550862,Terrestrial (coincident aquatic)
11,2001-10-01,6.334856078135224,Aquatic
12,2001-10-01,7.545976531845136,Aquatic
13,2001-10-01,6.372510760017995,Aquatic
14,2001-10-01,7.664331912994385,Aquatic
15,2001-10-01,,Aquatic
16,2001-10-01,7.7163777351379395,Aquatic
17,2001-10-01,7.258132127615122,Aquatic
18,2001-10-01,5.546792030334473,Aquatic
19,2001-10-01,6.459258629590346,Terrestrial
20,2001-10-01,5.327684266741238,Terrestrial
1,2001-11-01,5.835944539024719,Terrestrial
2,2001-11-01,5.869533990413682,Terrestrial (coincident aquatic)
3,2001-11-01,7.377595212491192,Terrestrial (coincident aquatic)
4,2001-11-01,5.93791136471738,Terrestrial (coincident aquatic)
5,2001-11-01,5.077713176809847,Terrestrial
6,2001-11-01,5.25886257226535,Terrestrial
7,2001-11-01,6.560801580618768,Terrestrial (coincident aquatic)
8,2001-11-01,5.737442380453056,Terrestrial
9,2001-11-01,5.212373773437378,Terrestrial (coincident aquatic)
10,2001-11-01,6.771409160116326,Terrestrial (coincident aquatic)
11,2001-11-01,6.148460297345871,Aquatic
12,2001-11-01,7.442223069774765,Aquatic
13,2001-11-01,6.297767941335615,Aquatic
14,2001-11-01,7.622612476348877,Aquatic
15,2001-11-01,,Aquatic
16,2001-11-01,7.764370441436768,Aquatic
17,2001-11-01,7.200984477996826,Aquatic
18,2001-11-01,5.150934219360352,Aquatic
19,2001-11-01,6.142068752980838,Terrestrial
20,2001-11-01,5.286908850932396,Terrestrial
1,2001-12-01,5.7511206626294555,Terrestrial
2,2001-12-01,5.969616645986279,Terrestrial (coincident aquatic)
3,2001-12-01,6.277574010801087,Terrestrial (coincident aquatic)
4,2001-12-01,5.678966536426364,Terrestrial (coincident aquatic)
5,2001-12-01,4.891789302935743,Terrestrial
6,2001-12-01,5.222709658271187,Terrestrial
7,2001-12-01,5.870111149135502,Terrestrial (coincident aquatic)
8,2001-12-01,5.458695030054221,Terrestrial
9,2001-12-01,4.928471532625835,Terrestrial (coincident aquatic)
10,2001-12-01,7.219594478400383,Terrestrial (coincident aquatic)
11,2001-12-01,7.0640181596481275,Aquatic
12,2001-12-01,6.682814187448869,Aquatic
13,2001-12-01,5.8849439363801075,Aquatic
14,2001-12-01,6.996675491333008,Aquatic
15,2001-12-01,,Aquatic
16,2001-12-01,6.447684288024902,Aquatic
17,2001-12-01,6.463877311119667,Aquatic
18,2001-12-01,5.57393217086792,Aquatic
19,2001-12-01,5.757937919888508,Terrestrial
20,2001-12-01,5.646871065391317,Terrestrial
1,2002-10-01,6.584209705056406,Terrestrial
2,2002-10-01,6.471942665272142,Terrestrial (coincident aquatic)
3,2002-10-01,7.329026695970691,Terrestrial (coincident aquatic)
4,2002-10-01,6.5701335128559455,Terrestrial (coincident aquatic)
5,2002-10-01,5.936752194205235,Terrestrial
6,2002-10-01,6.295707659481454,Terrestrial
7,2002-10-01,6.482563034052393,Terrestrial (coincident aquatic)
8,2002-10-01,6.346313639506657,Terrestrial
9,2002-10-01,5.663089710750559,Terrestrial (coincident aquatic)
10,2002-10-01,7.2073662507995016,Terrestrial (coincident aquatic)
11,2002-10-01,6.76801653658406,Aquatic
12,2002-10-01,7.420746757657622,Aquatic
13,2002-10-01,6.809215365634874,Aquatic
14,2002-10-01,7.490570545196533,Aquatic
15,2002-10-01,,Aquatic
16,2002-10-01,7.837217807769775,Aquatic
17,2002-10-01,7.316666493049035,Aquatic
18,2002-10-01,6.026039123535156,Aquatic
19,2002-10-01,7.707282200687541,Terrestrial
20,2002-10-01,5.9298114576351955,Terrestrial
1,2002-11-01,6.351703594202985,Terrestrial
2,2002-11-01,6.255213100415023,Terrestrial (coincident aquatic)
3,2002-11-01,6.927128612729342,Terrestrial (coincident aquatic)
4,2002-11-01,6.1780104293339795,Terrestrial (coincident aquatic)
5,2002-11-01,5.585109070896608,Terrestrial
6,2002-11-01,5.855138511085861,Terrestrial
7,2002-11-01,6.237460067208678,Terrestrial (coincident aquatic)
8,2002-11-01,6.079682878291339,Terrestrial
9,2002-11-01,5.454849381037313,Terrestrial (coincident aquatic)
10,2002-11-01,7.336452623752641,Terrestrial (coincident aquatic)
11,2002-11-01,6.959241705846736,Aquatic
12,2002-11-01,7.032594495353977,Aquatic
13,2002-11-01,6.366818448398891,Aquatic
14,2002-11-01,7.455732822418213,Aquatic
15,2002-11-01,,Aquatic
16,2002-11-01,7.290318965911865,Aquatic
17,2002-11-01,7.003984157855694,Aquatic
18,2002-11-01,5.8165507316589355,Aquatic
19,2002-11-01,6.9270638183528135,Terrestrial
20,2002-11-01,5.87345649167304,Terrestrial
1,2002-12-01,5.884656572700444,Terrestrial
2,2002-12-01,6.1845176466020275,Terrestrial (coincident aquatic)
3,2002-12-01,6.941836776781849,Terrestrial (coincident aquatic)
4,2002-12-01,6.019396111233877,Terrestrial (coincident aquatic)
5,2002-12-01,5.025500402645577,Terrestrial
6,2002-12-01,5.270649182360172,Terrestrial
7,2002-12-01,6.026765754367096,Terrestrial (coincident aquatic)
8,2002-12-01,5.718097955089694,Terrestrial
9,2002-12-01,5.004457650791857,Terrestrial (coincident aquatic)
10,2002-12-01,7.14519313943916,Terrestrial (coincident aquatic)
11,2002-12-01,6.319417454736103,Aquatic
12,2002-12-01,6.859767374031865,Aquatic
13,2002-12-01,6.465655424353782,Aquatic
14,2002-12-01,7.749136447906494,Aquatic
15,2002-12-01,,Aquatic
16,2002-12-01,7.562540531158447,Aquatic
17,2002-12-01,7.306809425354003,Aquatic
18,2002-12-01,5.5494818687438965,Aquatic
19,2002-12-01,5.891423828576452,Terrestrial
20,2002-12-01,5.544553413830708,Terrestrial
1,2003-10-01,6.1227193513111775,Terrestrial
2,2003-10-01,5.893509260359709,Terrestrial (coincident aquatic)
3,2003-10-01,6.997431903998462,Terrestrial (coincident aquatic)
4,2003-10-01,6.019187313008949,Terrestrial (coincident aquatic)
5,2003-10-01,5.370047789261837,Terrestrial
6,2003-10-01,5.567421622542843,Terrestrial
7,2003-10-01,6.349834139471121,Terrestrial (coincident aquatic)
8,2003-10-01,5.71696681581245,Terrestrial
9,2003-10-01,5.213953339218032,Terrestrial (coincident aquatic)
10,2003-10-01,6.456531139845273,Terrestrial (coincident aquatic)
11,2003-10-01,5.732168166703174,Aquatic
12,2003-10-01,7.127834292660185,Aquatic
13,2003-10-01,6.293679360593303,Aquatic
14,2003-10-01,7.190185546875,Aquatic
15,2003-10-01,,Aquatic
16,2003-10-01,7.636114120483398,Aquatic
17,2003-10-01,6.994196048149696,Aquatic
18,2003-10-01,5.334903717041016,Aquatic
19,2003-10-01,6.872153188047791,Terrestrial
20,2003-10-01,5.340889621177801,Terrestrial
1,2003-11-01,5.625444859589949,Terrestrial
2,2003-11-01,5.717749407873975,Terrestrial (coincident aquatic)
3,2003-11-01,6.189571352244568,Terrestrial (coincident aquatic)
4,2003-11-01,5.551215223262399,Terrestrial (coincident aquatic)
5,2003-11-01,4.7994369619110895,Terrestrial
6,2003-11-01,4.971912822087655,Terrestrial
7,2003-11-01,5.65402904045294,Terrestrial (coincident aquatic)
8,2003-11-01,5.244423578968262,Terrestrial
9,2003-11-01,4.717499759449068,Terrestrial (coincident aquatic)
10,2003-11-01,6.791072061116142,Terrestrial (coincident aquatic)
11,2003-11-01,6.512054951368727,Aquatic
12,2003-11-01,6.443949742262707,Aquatic
13,2003-11-01,5.792188438672698,Aquatic
14,2003-11-01,6.810598373413086,Aquatic
15,2003-11-01,,Aquatic
16,2003-11-01,6.615399360656738,Aquatic
17,2003-11-01,6.379069548386793,Aquatic
18,2003-11-01,5.257373809814453,Aquatic
19,2003-11-01,6.097263472086089,Terrestrial
20,2003-11-01,5.41681166897968,Terrestrial
1,2003-12-01,6.530264140768859,Terrestrial
2,2003-12-01,6.997577693278785,Terrestrial (coincident aquatic)
3,2003-12-01,7.203469859049747,Terrestrial (coincident aquatic)
4,2003-12-01,6.841917354147164,Terrestrial (coincident aquatic)
5,2003-12-01,5.394227074336647,Terrestrial
6,2003-12-01,5.996370804422959,Terrestrial
7,2003-12-01,6.308222582306407,Terrestrial (coincident aquatic)
8,2003-12-01,6.19389515529075,Terrestrial
9,2003-12-01,5.394854055858435,Terrestrial (coincident aquatic)
10,2003-12-01,8.185094811350247,Terrestrial (coincident aquatic)
11,2003-12-01,7.359252949413654,Aquatic
12,2003-12-01,7.137795144942724,Aquatic
13,2003-12-01,7.200905443041512,Aquatic
14,2003-12-01,8.468201637268066,Aquatic
15,2003-12-01,,Aquatic
16,2003-12-01,7.896657466888428,Aquatic
17,2003-12-01,7.917792540330153,Aquatic
18,2003-12-01,6.534211158752441,Aquatic
19,2003-12-01,6.533896406393965,Terrestrial
20,2003-12-01,6.321421815979651,Terrestrial
1,2004-10-01,6.0121705154627705,Terrestrial
2,2004-10-01,5.682928868001936,Terrestrial (coincident aquatic)
3,2004-10-01,6.188845886216471,Terrestrial (coincident aquatic)
4,2004-10-01,5.484160721536817,Terrestrial (coincident aquatic)
5,2004-10-01,5.027787183091736,Terrestrial
6,2004-10-01,5.143364344969404,Terrestrial
7,2004-10-01,5.768907173492435,Terrestrial (coincident aquatic)
8,2004-10-01,5.147841320888246,Terrestrial
9,2004-10-01,4.716670881819277,Terrestrial (coincident aquatic)
10,2004-10-01,6.799980608426925,Terrestrial (coincident aquatic)
11,2004-10-01,6.179484272636359,Aquatic
12,2004-10-01,6.373275094078645,Aquatic
13,2004-10-01,5.748770494139596,Aquatic
14,2004-10-01,7.23884916305542,Aquatic
15,2004-10-01,,Aquatic
16,2004-10-01,6.82557487487793,Aquatic
17,2004-10-01,6.677513415996844,Aquatic
18,2004-10-01,5.13349723815918,Aquatic
19,2004-10-01,6.571317586227091,Terrestrial
20,2004-10-01,5.232003255629205,Terrestrial
1,2004-11-01,5.401739947578763,Terrestrial
2,2004-11-01,5.424239268382312,Terrestrial (coincident aquatic)
3,2004-11-01,5.77684122317597,Terrestrial (coincident aquatic)
4,2004-11-01,5.136375059328538,Terrestrial (coincident aquatic)
5,2004-11-01,4.8381220166257695,Terrestrial
6,2004-11-01,4.778004076632765,Terrestrial
7,2004-11-01,5.741991966703148,Terrestrial (coincident aquatic)
8,2004-11-01,4.940957533956353,Terrestrial
9,2004-11-01,4.602923398097905,Terrestrial (coincident aquatic)
10,2004-11-01,6.830164655658541,Terrestrial (coincident aquatic)
11,2004-11-01,6.689475710228831,Aquatic
12,2004-11-01,6.43981495014173,Aquatic
13,2004-11-01,5.30345436910565,Aquatic
14,2004-11-01,6.565501689910889,Aquatic
15,2004-11-01,,Aquatic
16,2004-11-01,6.024459362030029,Aquatic
17,2004-11-01,5.977935644296499,Aquatic
18,2004-11-01,4.985214710235596,Aquatic
19,2004-11-01,5.777963611163828,Terrestrial
20,2004-11-01,5.230661635148542,Terrestrial
1,2004-12-01,5.796496702415704,Terrestrial
2,2004-12-01,5.76832564102503,Terrestrial (coincident aquatic)
3,2004-12-01,6.2108374781639535,Terrestrial (coincident aquatic)
4,2004-12-01,5.537993988735176,Terrestrial (coincident aquatic)
5,2004-12-01,4.805067109957512,Terrestrial
6,2004-12-01,5.027704952075125,Terrestrial
7,2004-12-01,5.871377816745111,Terrestrial (coincident aquatic)
8,2004-12-01,5.313159577871571,Terrestrial
9,2004-12-01,4.738491195257888,Terrestrial (coincident aquatic)
10,2004-12-01,6.973704757835187,Terrestrial (coincident aquatic)
11,2004-12-01,6.567650771116699,Aquatic
12,2004-12-01,6.525204509918588,Aquatic
13,2004-12-01,5.718860677654823,Aquatic
14,2004-12-01,6.909722328186035,Aquatic
15,2004-12-01,,Aquatic
16,2004-12-01,6.498130798339844,Aquatic
17,2004-12-01,6.379541837252103,Aquatic
18,2004-12-01,5.357100009918213,Aquatic
19,2004-12-01,5.947322101108761,Terrestrial
20,2004-12-01,5.50502272030761,Terrestrial
1,2005-10-01,6.193486295347925,Terrestrial
2,2005-10-01,5.584358725217089,Terrestrial (coincident aquatic)
3,2005-10-01,6.895046975455849,Terrestrial (coincident aquatic)
4,2005-10-01,5.845085877591482,Terrestrial (coincident aquatic)
5,2005-10-01,5.589332423154293,Terrestrial
6,2005-10-01,5.610075572053929,Terrestrial
7,2005-10-01,6.65773390785865,Terrestrial (coincident aquatic)
8,2005-10-01,5.823251107209629,Terrestrial
9,2005-10-01,5.592387511487774,Terrestrial (coincident aquatic)
10,2005-10-01,6.037794707318614,Terrestrial (coincident aquatic)
11,2005-10-01,5.825586025512742,Aquatic
12,2005-10-01,7.690598175465889,Aquatic
13,2005-10-01,5.836382020457408,Aquatic
14,2005-10-01,6.320642948150635,Aquatic
15,2005-10-01,,Aquatic
16,2005-10-01,7.03527307510376,Aquatic
17,2005-10-01,6.208944467397837,Aquatic
18,2005-10-01,5.210300445556641,Aquatic
19,2005-10-01,6.971647335992886,Terrestrial
20,2005-10-01,5.509781595931014,Terrestrial
1,2005-11-01,5.930510763636012,Terrestrial
2,2005-11-01,6.010616656098313,Terrestrial (coincident aquatic)
3,2005-11-01,6.786834650257702,Terrestrial (coincident aquatic)
4,2005-11-01,5.931620227267714,Terrestrial (coincident aquatic)
5,2005-11-01,5.2798794580542525,Terrestrial
6,2005-11-01,5.496143963412799,Terrestrial
7,2005-11-01,6.046837884186213,Terrestrial (coincident aquatic)
8,2005-11-01,5.767226742884624,Terrestrial
9,2005-11-01,5.11332813890877,Terrestrial (coincident aquatic)
10,2005-11-01,7.08342078205132,Terrestrial (coincident aquatic)
11,2005-11-01,6.515958641352277,Aquatic
12,2005-11-01,6.760656967517684,Aquatic
13,2005-11-01,6.243477823493187,Aquatic
14,2005-11-01,7.455588340759277,Aquatic
15,2005-11-01,,Aquatic
16,2005-11-01,7.280915260314941,Aquatic
17,2005-11-01,7.004173425527719,Aquatic
18,2005-11-01,5.444967746734619,Aquatic
19,2005-11-01,6.487185484263665,Terrestrial
20,2005-11-01,5.449115132736032,Terrestrial
1,2005-12-01,6.405144485415476,Terrestrial
2,2005-12-01,6.626934431608997,Terrestrial (coincident aquatic)
3,2005-12-01,6.480446199491944,Terrestrial (coincident aquatic)
4,2005-12-01,6.084374960756278,Terrestrial (coincident aquatic)
5,2005-12-01,5.34620615103568,Terrestrial
6,2005-12-01,5.61729626364328,Terrestrial
7,2005-12-01,6.020952189535473,Terrestrial (coincident aquatic)
8,2005-12-01,5.737259924953161,Terrestrial
9,2005-12-01,5.239450623911437,Terrestrial (coincident aquatic)
10,2005-12-01,8.252097526973532,Terrestrial (coincident aquatic)
11,2005-12-01,8.147849365931853,Aquatic
12,2005-12-01,6.800385188470821,Aquatic
13,2005-12-01,6.3041382232408845,Aquatic
14,2005-12-01,7.90545654296875,Aquatic
15,2005-12-01,,Aquatic
16,2005-12-01,6.8180694580078125,Aquatic
17,2005-12-01,7.140369158524733,Aquatic
18,2005-12-01,6.200582981109619,Aquatic
19,2005-12-01,6.3275561865776115,Terrestrial
20,2005-12-01,6.290093546914995,Terrestrial
1,2006-10-01,6.149890294748244,Terrestrial
2,2006-10-01,5.812237355486791,Terrestrial (coincident aquatic)
3,2006-10-01,6.179607209397547,Terrestrial (coincident aquatic)
4,2006-10-01,5.629723505872551,Terrestrial (coincident aquatic)
5,2006-10-01,5.08869137301056,Terrestrial
6,2006-10-01,5.333527526847105,Terrestrial
7,2006-10-01,5.806814569960431,Terrestrial (coincident aquatic)
8,2006-10-01,5.285334628732386,Terrestrial
9,2006-10-01,4.762979044283483,Terrestrial (coincident aquatic)
10,2006-10-01,6.996910151773554,Terrestrial (coincident aquatic)
11,2006-10-01,6.4675906081974075,Aquatic
12,2006-10-01,6.419669304531669,Aquatic
13,2006-10-01,5.761131186967487,Aquatic
14,2006-10-01,7.231698513031006,Aquatic
15,2006-10-01,,Aquatic
16,2006-10-01,6.771771430969238,Aquatic
17,2006-10-01,6.6676022456242485,Aquatic
18,2006-10-01,5.352266788482666,Aquatic
19,2006-10-01,6.556240020669161,Terrestrial
20,2006-10-01,5.431467033195741,Terrestrial
1,2006-11-01,6.275426575414521,Terrestrial
2,2006-11-01,6.525225939465339,Terrestrial (coincident aquatic)
3,2006-11-01,6.785497822305289,Terrestrial (coincident aquatic)
4,2006-11-01,6.248957010241563,Terrestrial (coincident aquatic)
5,2006-11-01,5.251104012997303,Terrestrial
6,2006-11-01,5.570358233516105,Terrestrial
7,2006-11-01,6.174185490293646,Terrestrial (coincident aquatic)
8,2006-11-01,5.618224505875009,Terrestrial
9,2006-11-01,5.10545313431268,Terrestrial (coincident aquatic)
10,2006-11-01,7.6866115522160605,Terrestrial (coincident aquatic)
11,2006-11-01,7.176477185552282,Aquatic
12,2006-11-01,6.9246288207983095,Aquatic
13,2006-11-01,6.538110311915365,Aquatic
14,2006-11-01,8.055885314941406,Aquatic
15,2006-11-01,,Aquatic
16,2006-11-01,7.5663228034973145,Aquatic
17,2006-11-01,7.5096366955683775,Aquatic
18,2006-11-01,5.959221839904785,Aquatic
19,2006-11-01,6.606560544046,Terrestrial
20,2006-11-01,5.9657871983878605,Terrestrial
1,2006-12-01,6.059858798283584,Terrestrial
2,2006-12-01,6.252655279758143,Terrestrial (coincident aquatic)
3,2006-12-01,6.287309809132145,Terrestrial (coincident aquatic)
4,2006-12-01,5.901381851283832,Terrestrial (coincident aquatic)
5,2006-12-01,5.3809077092478015,Terrestrial
6,2006-12-01,5.688144130404893,Terrestrial
7,2006-12-01,6.0494799589914905,Terrestrial (coincident aquatic)
8,2006-12-01,5.7218497954747365,Terrestrial
9,2006-12-01,5.077952965084915,Terrestrial (coincident aquatic)
10,2006-12-01,7.60006763984203,Terrestrial (coincident aquatic)
11,2006-12-01,7.546669187292502,Aquatic
12,2006-12-01,6.596237699875302,Aquatic
13,2006-12-01,6.002600066581469,Aquatic
14,2006-12-01,7.1331658363342285,Aquatic
15,2006-12-01,,Aquatic
16,2006-12-01,6.420135021209717,Aquatic
17,2006-12-01,6.554789653191199,Aquatic
18,2006-12-01,5.947302341461182,Aquatic
19,2006-12-01,6.616200837026749,Terrestrial
20,2006-12-01,6.031967933535121,Terrestrial
1,2007-10-01,6.768505734608588,Terrestrial
2,2007-10-01,6.782535047118805,Terrestrial (coincident aquatic)
3,2007-10-01,7.4519451026152055,Terrestrial (coincident aquatic)
4,2007-10-01,6.517141681926912,Terrestrial (coincident aquatic)
5,2007-10-01,5.393981029714223,Terrestrial
6,2007-10-01,5.795430906080723,Terrestrial
7,2007-10-01,6.774777828563882,Terrestrial (coincident aquatic)
8,2007-10-01,6.0616161723845305,Terrestrial
9,2007-10-01,5.474358812230477,Terrestrial (coincident aquatic)
10,2007-10-01,7.954377172723072,Terrestrial (coincident aquatic)
11,2007-10-01,7.360128075888987,Aquatic
12,2007-10-01,7.800119382213168,Aquatic
13,2007-10-01,6.751372079099162,Aquatic
14,2007-10-01,8.358637809753418,Aquatic
15,2007-10-01,,Aquatic
16,2007-10-01,7.901742935180664,Aquatic
17,2007-10-01,7.777800486637995,Aquatic
18,2007-10-01,6.215372562408447,Aquatic
19,2007-10-01,6.666154749758609,Terrestrial
20,2007-10-01,6.288434740462165,Terrestrial
1,2007-11-01,6.425160311417673,Terrestrial
2,2007-11-01,6.734822274633243,Terrestrial (coincident aquatic)
3,2007-11-01,7.751427785145037,Terrestrial (coincident aquatic)
4,2007-11-01,6.746104996035738,Terrestrial (coincident aquatic)
5,2007-11-01,5.522378633001958,Terrestrial
6,2007-11-01,6.084134653779784,Terrestrial
7,2007-11-01,6.04320543249181,Terrestrial (coincident aquatic)
8,2007-11-01,6.424479922452869,Terrestrial
9,2007-11-01,5.330262227166673,Terrestrial (coincident aquatic)
10,2007-11-01,7.890029949102756,Terrestrial (coincident aquatic)
11,2007-11-01,7.245908111790471,Aquatic
12,2007-11-01,6.861984573857442,Aquatic
13,2007-11-01,7.115943529364769,Aquatic
14,2007-11-01,8.34637451171875,Aquatic
15,2007-11-01,,Aquatic
16,2007-11-01,8.383050918579102,Aquatic
17,2007-11-01,7.934446261479303,Aquatic
18,2007-11-01,6.098320484161377,Aquatic
19,2007-11-01,6.712750957599925,Terrestrial
20,2007-11-01,6.0845607360712854,Terrestrial
1,2007-12-01,5.923984045273281,Terrestrial
2,2007-12-01,6.20309910109937,Terrestrial (coincident aquatic)
3,2007-12-01,6.962297755124842,Terrestrial (coincident aquatic)
4,2007-12-01,6.008484101168895,Terrestrial (coincident aquatic)
5,2007-12-01,5.1509119107464345,Terrestrial
6,2007-12-01,5.415314418278514,Terrestrial
7,2007-12-01,6.296327673946711,Terrestrial (coincident aquatic)
8,2007-12-01,5.653341608640283,Terrestrial
9,2007-12-01,5.063901226000394,Terrestrial (coincident aquatic)
10,2007-12-01,7.346239613021891,Terrestrial (coincident aquatic)
11,2007-12-01,6.457747108967969,Aquatic
12,2007-12-01,7.150768346475818,Aquatic
13,2007-12-01,6.321888510028968,Aquatic
14,2007-12-01,7.891390800476074,Aquatic
15,2007-12-01,,Aquatic
16,2007-12-01,7.421387672424316,Aquatic
17,2007-12-01,7.274681054628812,Aquatic
18,2007-12-01,5.633270263671875,Aquatic
19,2007-12-01,6.063099842204313,Terrestrial
20,2007-12-01,5.4439491434378136,Terrestrial
1,2008-10-01,5.8470941218318035,Terrestrial
2,2008-10-01,5.762003579194639,Terrestrial (coincident aquatic)
3,2008-10-01,6.8591462122933065,Terrestrial (coincident aquatic)
4,2008-10-01,5.67211349179104,Terrestrial (coincident aquatic)
5,2008-10-01,5.2886275371909734,Terrestrial
6,2008-10-01,5.321672804417787,Terrestrial
7,2008-10-01,6.308384695722595,Terrestrial (coincident aquatic)
8,2008-10-01,5.592797039395193,Terrestrial
9,2008-10-01,5.255002736056779,Terrestrial (coincident aquatic)
10,2008-10-01,6.767427214259572,Terrestrial (coincident aquatic)
11,2008-10-01,6.3569464172113905,Aquatic
12,2008-10-01,7.129929480812115,Aquatic
13,2008-10-01,5.813236999511719,Aquatic
14,2008-10-01,7.105606555938721,Aquatic
15,2008-10-01,,Aquatic
16,2008-10-01,7.116856575012207,Aquatic
17,2008-10-01,6.658296291644756,Aquatic
18,2008-10-01,5.234924793243408,Aquatic
19,2008-10-01,6.518892200924549,Terrestrial
20,2008-10-01,5.360710400106356,Terrestrial
1,2008-11-01,5.891015110756821,Terrestrial
2,2008-11-01,6.127279899963319,Terrestrial (coincident aquatic)
3,2008-11-01,6.917268408808439,Terrestrial (coincident aquatic)
4,2008-11-01,5.916584766305132,Terrestrial (coincident aquatic)
5,2008-11-01,5.407179969498298,Terrestrial
6,2008-11-01,5.596214370116902,Terrestrial
7,2008-11-01,6.604933186849909,Terrestrial (coincident aquatic)
8,2008-11-01,5.896425316358439,Terrestrial
9,2008-11-01,5.372785593773746,Terrestrial (coincident aquatic)
10,2008-11-01,7.660707099109423,Terrestrial (coincident aquatic)
11,2008-11-01,7.192399011325542,Aquatic
12,2008-11-01,7.4961337559300025,Aquatic
13,2008-11-01,6.1664796464898615,Aquatic
14,2008-11-01,7.639298439025879,Aquatic
15,2008-11-01,,Aquatic
16,2008-11-01,6.890384674072266,Aquatic
17,2008-11-01,6.961540478926438,Aquatic
18,2008-11-01,5.666294097900391,Aquatic
19,2008-11-01,6.334001735426382,Terrestrial
20,2008-11-01,5.465815342647931,Terrestrial
1,2008-12-01,6.263003719480418,Terrestrial
2,2008-12-01,6.407531726294157,Terrestrial (coincident aquatic)
3,2008-12-01,6.689839350043332,Terrestrial (coincident aquatic)
4,2008-12-01,5.96298856785453,Terrestrial (coincident aquatic)
5,2008-12-01,5.269795604733834,Terrestrial
6,2008-12-01,5.511120559305926,Terrestrial
7,2008-12-01,6.575807158288771,Terrestrial (coincident aquatic)
8,2008-12-01,5.67424275293027,Terrestrial
9,2008-12-01,5.218006233189912,Terrestrial (coincident aquatic)
10,2008-12-01,8.159799174793712,Terrestrial (coincident aquatic)
11,2008-12-01,7.569614109150357,Aquatic
12,2008-12-01,7.331418834528825,Aquatic
13,2008-12-01,6.312907343232229,Aquatic
14,2008-12-01,8.124170303344727,Aquatic
15,2008-12-01,,Aquatic
16,2008-12-01,7.084332466125488,Aquatic
17,2008-12-01,7.297980088454025,Aquatic
18,2008-12-01,5.86117696762085,Aquatic
19,2008-12-01,6.54802163168605,Terrestrial
20,2008-12-01,5.805656558756029,Terrestrial
1,2009-10-01,6.495571627254377,Terrestrial
2,2009-10-01,6.743719818265039,Terrestrial (coincident aquatic)
3,2009-10-01,8.031953711594493,Terrestrial (coincident aquatic)
4,2009-10-01,6.734861669995275,Terrestrial (coincident aquatic)
5,2009-10-01,5.589863047089538,Terrestrial
6,2009-10-01,5.881748079274529,Terrestrial
7,2009-10-01,6.849557145246676,Terrestrial (coincident aquatic)
8,2009-10-01,6.35462277013349,Terrestrial
9,2009-10-01,5.731137153167951,Terrestrial (coincident aquatic)
10,2009-10-01,7.494038202963369,Terrestrial (coincident aquatic)
11,2009-10-01,6.596197825043145,Aquatic
12,2009-10-01,7.84960001563733,Aquatic
13,2009-10-01,7.022666750061378,Aquatic
14,2009-10-01,8.327156066894531,Aquatic
15,2009-10-01,,Aquatic
16,2009-10-01,8.612028121948242,Aquatic
17,2009-10-01,7.996945454524114,Aquatic
18,2009-10-01,6.135979175567627,Aquatic
19,2009-10-01,6.560287639608547,Terrestrial
20,2009-10-01,5.902733850234909,Terrestrial
1,2009-11-01,7.089680742500422,Terrestrial
2,2009-11-01,7.226354593617062,Terrestrial (coincident aquatic)
3,2009-11-01,8.06821760535072,Terrestrial (coincident aquatic)
4,2009-11-01,7.316576466962149,Terrestrial (coincident aquatic)
5,2009-11-01,5.943880012581126,Terrestrial
6,2009-11-01,6.525600544564719,Terrestrial
7,2009-11-01,6.749261851954107,Terrestrial (coincident aquatic)
8,2009-11-01,6.6783222569531215,Terrestrial
9,2009-11-01,5.614823607937134,Terrestrial (coincident aquatic)
10,2009-11-01,7.841198076407401,Terrestrial (coincident aquatic)
11,2009-11-01,6.966527344866354,Aquatic
12,2009-11-01,7.785963746034589,Aquatic
13,2009-11-01,7.6730796813964846,Aquatic
14,2009-11-01,8.698577880859375,Aquatic
15,2009-11-01,,Aquatic
16,2009-11-01,9.105300903320312,Aquatic
17,2009-11-01,8.491066419161283,Aquatic
18,2009-11-01,6.621354579925537,Aquatic
19,2009-11-01,7.437170963810663,Terrestrial
20,2009-11-01,6.451291883434438,Terrestrial
1,2009-12-01,5.821876105808078,Terrestrial
2,2009-12-01,6.011869044397521,Terrestrial (coincident aquatic)
3,2009-12-01,7.1591602877510025,Terrestrial (coincident aquatic)
4,2009-12-01,6.0770741244215,Terrestrial (coincident aquatic)
5,2009-12-01,5.256167092019423,Terrestrial
6,2009-12-01,5.5622763949693,Terrestrial
7,2009-12-01,6.328257590643589,Terrestrial (coincident aquatic)
8,2009-12-01,5.970446084236966,Terrestrial
9,2009-12-01,5.249809743621388,Terrestrial (coincident aquatic)
10,2009-12-01,6.960249500150581,Terrestrial (coincident aquatic)
11,2009-12-01,6.269291498566063,Aquatic
12,2009-12-01,6.979591205993162,Aquatic
13,2009-12-01,6.4034628118022106,Aquatic
14,2009-12-01,7.504553318023682,Aquatic
15,2009-12-01,,Aquatic
16,2009-12-01,7.572020053863525,Aquatic
17,2009-12-01,7.120476796076847,Aquatic
18,2009-12-01,5.422058582305908,Aquatic
19,2009-12-01,6.410498391205322,Terrestrial
20,2009-12-01,5.544373588342214,Terrestrial
1,2010-10-01,5.887263382188262,Terrestrial
2,2010-10-01,6.229856942194922,Terrestrial (coincident aquatic)
3,2010-10-01,7.618709731795107,Terrestrial (coincident aquatic)
4,2010-10-01,6.3886995332905405,Terrestrial (coincident aquatic)
5,2010-10-01,5.593737722650183,Terrestrial
6,2010-10-01,5.941717890439903,Terrestrial
7,2010-10-01,6.669215179540223,Terrestrial (coincident aquatic)
8,2010-10-01,6.3273821910894,Terrestrial
9,2010-10-01,5.523209668876859,Terrestrial (coincident aquatic)
10,2010-10-01,7.061779453765627,Terrestrial (coincident aquatic)
11,2010-10-01,6.1727854689246415,Aquatic
12,2010-10-01,7.573679836988246,Aquatic
13,2010-10-01,6.734181955959021,Aquatic
14,2010-10-01,7.700685024261475,Aquatic
15,2010-10-01,,Aquatic
16,2010-10-01,7.95512580871582,Aquatic
17,2010-10-01,7.422052053304819,Aquatic
18,2010-10-01,5.684279918670654,Aquatic
19,2010-10-01,6.783574245485685,Terrestrial
20,2010-10-01,5.280822615739479,Terrestrial
1,2010-11-01,6.294015599273104,Terrestrial
2,2010-11-01,6.558189402119857,Terrestrial (coincident aquatic)
3,2010-11-01,7.241841833328347,Terrestrial (coincident aquatic)
4,2010-11-01,6.561001494907113,Terrestrial (coincident aquatic)
5,2010-11-01,5.262419413516794,Terrestrial
6,2010-11-01,5.7103977969707795,Terrestrial
7,2010-11-01,6.5072688871216995,Terrestrial (coincident aquatic)
8,2010-11-01,5.951981719867208,Terrestrial
9,2010-11-01,5.252545760037984,Terrestrial (coincident aquatic)
10,2010-11-01,7.429694904538326,Terrestrial (coincident aquatic)
11,2010-11-01,6.521909506985797,Aquatic
12,2010-11-01,7.420494050311082,Aquatic
13,2010-11-01,6.944485803668419,Aquatic
14,2010-11-01,8.149808883666992,Aquatic
15,2010-11-01,,Aquatic
16,2010-11-01,7.952073574066162,Aquatic
17,2010-11-01,7.719513416290282,Aquatic
18,2010-11-01,6.020709991455078,Aquatic
19,2010-11-01,6.7166750638041695,Terrestrial
20,2010-11-01,5.839759681044714,Terrestrial
1,2010-12-01,5.913588112856612,Terrestrial
2,2010-12-01,6.865926143955281,Terrestrial (coincident aquatic)
3,2010-12-01,8.377522919186758,Terrestrial (coincident aquatic)
4,2010-12-01,6.961737228227941,Terrestrial (coincident aquatic)
5,2010-12-01,5.410924534611177,Terrestrial
6,2010-12-01,5.913334892769672,Terrestrial
7,2010-12-01,6.761791780513111,Terrestrial (coincident aquatic)
8,2010-12-01,6.753208755834831,Terrestrial
9,2010-12-01,5.645230702680754,Terrestrial (coincident aquatic)
10,2010-12-01,7.859004162759784,Terrestrial (coincident aquatic)
11,2010-12-01,6.497223475371489,Aquatic
12,2010-12-01,7.42600023455736,Aquatic
13,2010-12-01,7.597490652491538,Aquatic
14,2010-12-01,9.211413383483887,Aquatic
15,2010-12-01,,Aquatic
16,2010-12-01,9.142991065979004,Aquatic
17,2010-12-01,8.68480587005615,Aquatic
18,2010-12-01,6.0465288162231445,Aquatic
19,2010-12-01,6.283189061623339,Terrestrial
20,2010-12-01,5.4578664766231055,Terrestrial
1,2011-10-01,5.890532435729491,Terrestrial
2,2011-10-01,5.7286551162036865,Terrestrial (coincident aquatic)
3,2011-10-01,7.16012383573243,Terrestrial (coincident aquatic)
4,2011-10-01,5.931593884240073,Terrestrial (coincident aquatic)
5,2011-10-01,5.303678384015599,Terrestrial
6,2011-10-01,5.441217136786093,Terrestrial
7,2011-10-01,6.427723034329753,Terrestrial (coincident aquatic)
8,2011-10-01,5.821805500925817,Terrestrial
9,2011-10-01,5.346950795525741,Terrestrial (coincident aquatic)
10,2011-10-01,6.3035009445849415,Terrestrial (coincident aquatic)
11,2011-10-01,5.790665867623319,Aquatic
12,2011-10-01,7.28553914836745,Aquatic
13,2011-10-01,6.1322625738851135,Aquatic
14,2011-10-01,6.859964370727539,Aquatic
15,2011-10-01,,Aquatic
16,2011-10-01,7.496747016906738,Aquatic
17,2011-10-01,6.730018432323749,Aquatic
18,2011-10-01,5.2162322998046875,Aquatic
19,2011-10-01,6.593710307700043,Terrestrial
20,2011-10-01,5.2988760421889705,Terrestrial
1,2011-11-01,6.17954997092162,Terrestrial
2,2011-11-01,6.380451184000509,Terrestrial (coincident aquatic)
3,2011-11-01,7.095928706417573,Terrestrial (coincident aquatic)
4,2011-11-01,6.210473178183916,Terrestrial (coincident aquatic)
5,2011-11-01,5.441729486388587,Terrestrial
6,2011-11-01,5.751069663595845,Terrestrial
7,2011-11-01,6.192806828517595,Terrestrial (coincident aquatic)
8,2011-11-01,6.057777626726658,Terrestrial
9,2011-11-01,5.452214175951093,Terrestrial (coincident aquatic)
10,2011-11-01,7.628889918318717,Terrestrial (coincident aquatic)
11,2011-11-01,7.271766000919128,Aquatic
12,2011-11-01,6.929014023753658,Aquatic
13,2011-11-01,6.442379968621758,Aquatic
14,2011-11-01,7.66607141494751,Aquatic
15,2011-11-01,,Aquatic
16,2011-11-01,7.376405715942383,Aquatic
17,2011-11-01,7.16295132270226,Aquatic
18,2011-11-01,5.884454727172852,Aquatic
19,2011-11-01,6.400227772027718,Terrestrial
20,2011-11-01,5.950837885616075,Terrestrial
1,2011-12-01,6.213084227658356,Terrestrial
2,2011-12-01,6.4164878317604925,Terrestrial (coincident aquatic)
3,2011-12-01,6.8641450002574995,Terrestrial (coincident aquatic)
4,2011-12-01,6.249448574065019,Terrestrial (coincident aquatic)
5,2011-12-01,5.33301869817071,Terrestrial
6,2011-12-01,5.748565486929706,Terrestrial
7,2011-12-01,6.084383392678228,Terrestrial (coincident aquatic)
8,2011-12-01,5.937057979034779,Terrestrial
9,2011-12-01,5.1570829220844265,Terrestrial (coincident aquatic)
10,2011-12-01,7.576291897962961,Terrestrial (coincident aquatic)
11,2011-12-01,7.122695054657247,Aquatic
12,2011-12-01,6.775886704078737,Aquatic
13,2011-12-01,6.527933571847638,Aquatic
14,2011-12-01,7.6954426765441895,Aquatic
15,2011-12-01,,Aquatic
16,2011-12-01,7.304693698883057,Aquatic
17,2011-12-01,7.207282396463246,Aquatic
18,2011-12-01,5.9390764236450195,Aquatic
19,2011-12-01,6.474759044850293,Terrestrial
20,2011-12-01,5.917633839850238,Terrestrial
1,2012-10-01,5.972561728287063,Terrestrial
2,2012-10-01,6.488965785868671,Terrestrial (coincident aquatic)
3,2012-10-01,7.589448262203087,Terrestrial (coincident aquatic)
4,2012-10-01,6.339663515578477,Terrestrial (coincident aquatic)
5,2012-10-01,5.2425784161007085,Terrestrial
6,2012-10-01,5.524981199559123,Terrestrial
7,2012-10-01,6.583388411319164,Terrestrial (coincident aquatic)
8,2012-10-01,6.0545414632064025,Terrestrial
9,2012-10-01,5.48333665736218,Terrestrial (coincident aquatic)
10,2012-10-01,7.863783532650325,Terrestrial (coincident aquatic)
11,2012-10-01,6.991212098664233,Aquatic
12,2012-10-01,7.515120373393579,Aquatic
13,2012-10-01,6.706110033828221,Aquatic
14,2012-10-01,8.34844970703125,Aquatic
15,2012-10-01,,Aquatic
16,2012-10-01,7.994718074798584,Aquatic
17,2012-10-01,7.776409515967735,Aquatic
18,2012-10-01,5.855140209197998,Aquatic
19,2012-10-01,6.360625048722526,Terrestrial
20,2012-10-01,5.555903972828436,Terrestrial
1,2012-11-01,6.091541610863575,Terrestrial
2,2012-11-01,5.979571668877429,Terrestrial (coincident aquatic)
3,2012-11-01,6.5878867883383485,Terrestrial (coincident aquatic)
4,2012-11-01,5.88976420088773,Terrestrial (coincident aquatic)
5,2012-11-01,5.233952666701651,Terrestrial
6,2012-11-01,5.466132358751479,Terrestrial
7,2012-11-01,5.98291044188341,Terrestrial (coincident aquatic)
8,2012-11-01,5.597953116005886,Terrestrial
9,2012-11-01,5.055034457025027,Terrestrial (coincident aquatic)
10,2012-11-01,6.9848368293850465,Terrestrial (coincident aquatic)
11,2012-11-01,6.617966975571551,Aquatic
12,2012-11-01,6.645586299505857,Aquatic
13,2012-11-01,6.004212435175864,Aquatic
14,2012-11-01,7.184716701507568,Aquatic
15,2012-11-01,,Aquatic
16,2012-11-01,6.987895965576172,Aquatic
17,2012-11-01,6.724062699538011,Aquatic
18,2012-11-01,5.545276165008545,Aquatic
19,2012-11-01,6.331865626217204,Terrestrial
20,2012-11-01,5.623799693721817,Terrestrial
1,2012-12-01,5.672058009862304,Terrestrial
2,2012-12-01,6.385991809294854,Terrestrial (coincident aquatic)
3,2012-12-01,7.412660967358216,Terrestrial (coincident aquatic)
4,2012-12-01,6.3984670347701105,Terrestrial (coincident aquatic)
5,2012-12-01,4.8444543841341,Terrestrial
6,2012-12-01,5.327969049344687,Terrestrial
7,2012-12-01,5.789410351608889,Terrestrial (coincident aquatic)
8,2012-12-01,5.927904941150431,Terrestrial
9,2012-12-01,4.892096755464597,Terrestrial (coincident aquatic)
10,2012-12-01,7.338986164040629,Terrestrial (coincident aquatic)
11,2012-12-01,6.042140439289704,Aquatic
12,2012-12-01,6.488316813691289,Aquatic
13,2012-12-01,6.967848598823118,Aquatic
14,2012-12-01,8.304255485534668,Aquatic
15,2012-12-01,,Aquatic
16,2012-12-01,8.245752334594727,Aquatic
17,2012-12-01,7.85368904700646,Aquatic
18,2012-12-01,5.669316291809082,Aquatic
19,2012-12-01,5.70573141377642,Terrestrial
20,2012-12-01,5.280686109838351,Terrestrial
1,2013-10-01,5.865883649740007,Terrestrial
2,2013-10-01,5.635511381680282,Terrestrial (coincident aquatic)
3,2013-10-01,6.57687958715462,Terrestrial (coincident aquatic)
4,2013-10-01,5.52699897478737,Terrestrial (coincident aquatic)
5,2013-10-01,5.184504627097522,Terrestrial
6,2013-10-01,5.328915990032979,Terrestrial
7,2013-10-01,6.024498931768672,Terrestrial (coincident aquatic)
8,2013-10-01,5.492998204801085,Terrestrial
9,2013-10-01,5.103807051348897,Terrestrial (coincident aquatic)
10,2013-10-01,6.775733549395839,Terrestrial (coincident aquatic)
11,2013-10-01,6.52550190047906,Aquatic
12,2013-10-01,6.854936823551308,Aquatic
13,2013-10-01,5.616039290053121,Aquatic
14,2013-10-01,6.818315505981445,Aquatic
15,2013-10-01,,Aquatic
16,2013-10-01,6.6978678703308105,Aquatic
17,2013-10-01,6.370259725130521,Aquatic
18,2013-10-01,5.1646881103515625,Aquatic
19,2013-10-01,6.448808211171169,Terrestrial
20,2013-10-01,5.29276215007455,Terrestrial
1,2013-11-01,6.562833981506012,Terrestrial
2,2013-11-01,6.228892316747516,Terrestrial (coincident aquatic)
3,2013-11-01,7.371454445615248,Terrestrial (coincident aquatic)
4,2013-11-01,6.224371359903206,Terrestrial (coincident aquatic)
5,2013-11-01,5.723530985548405,Terrestrial
6,2013-11-01,5.937578484445711,Terrestrial
7,2013-11-01,6.506782421461526,Terrestrial (coincident aquatic)
8,2013-11-01,6.176479420309032,Terrestrial
9,2013-11-01,5.624617378215092,Terrestrial (coincident aquatic)
10,2013-11-01,7.287605939568015,Terrestrial (coincident aquatic)
11,2013-11-01,6.828174534077785,Aquatic
12,2013-11-01,7.402216375026609,Aquatic
13,2013-11-01,6.355403784419713,Aquatic
14,2013-11-01,7.686297416687012,Aquatic
15,2013-11-01,,Aquatic
16,2013-11-01,7.65711784362793,Aquatic
17,2013-11-01,7.210110774407019,Aquatic
18,2013-11-01,5.685450553894043,Aquatic
19,2013-11-01,6.90340221777595,Terrestrial
20,2013-11-01,5.893361473022442,Terrestrial
1,2013-12-01,6.337183509056233,Terrestrial
2,2013-12-01,6.601075788502994,Terrestrial (coincident aquatic)
3,2013-12-01,7.073586240408281,Terrestrial (coincident aquatic)
4,2013-12-01,6.390602414116791,Terrestrial (coincident aquatic)
5,2013-12-01,4.963936364956028,Terrestrial
6,2013-12-01,5.441475972196966,Terrestrial
7,2013-12-01,5.995360517430608,Terrestrial (coincident aquatic)
8,2013-12-01,5.850908262471093,Terrestrial
9,2013-12-01,4.964396759246909,Terrestrial (coincident aquatic)
10,2013-12-01,7.860256052896095,Terrestrial (coincident aquatic)
11,2013-12-01,6.850976991458617,Aquatic
12,2013-12-01,6.767067682899632,Aquatic
13,2013-12-01,6.959726182530435,Aquatic
14,2013-12-01,8.620522499084473,Aquatic
15,2013-12-01,,Aquatic
16,2013-12-01,7.940679550170898,Aquatic
17,2013-12-01,7.97854210780217,Aquatic
18,2013-12-01,5.870658874511719,Aquatic
19,2013-12-01,6.103552905386535,Terrestrial
20,2013-12-01,5.6959621475844955,Terrestrial
1,2014-10-01,6.247384586728606,Terrestrial
2,2014-10-01,5.977344715096523,Terrestrial (coincident aquatic)
3,2014-10-01,7.2240673740267445,Terrestrial (coincident aquatic)
4,2014-10-01,5.977069071372663,Terrestrial (coincident aquatic)
5,2014-10-01,5.294321790194973,Terrestrial
6,2014-10-01,5.503989639621387,Terrestrial
7,2014-10-01,6.633786967033945,Terrestrial (coincident aquatic)
8,2014-10-01,5.803556592776474,Terrestrial
9,2014-10-01,5.350231467536029,Terrestrial (coincident aquatic)
10,2014-10-01,6.805531041752271,Terrestrial (coincident aquatic)
11,2014-10-01,6.181657812812112,Aquatic
12,2014-10-01,7.447184481271884,Aquatic
13,2014-10-01,6.176916470688381,Aquatic
14,2014-10-01,7.5555219650268555,Aquatic
15,2014-10-01,,Aquatic
16,2014-10-01,7.606383323669434,Aquatic
17,2014-10-01,7.11803439947275,Aquatic
18,2014-10-01,5.36869478225708,Aquatic
19,2014-10-01,6.7035052149536,Terrestrial
20,2014-10-01,5.5281859652486265,Terrestrial
1,2014-11-01,6.260669627982375,Terrestrial
2,2014-11-01,6.415774754960615,Terrestrial (coincident aquatic)
3,2014-11-01,7.66111606212447,Terrestrial (coincident aquatic)
4,2014-11-01,6.425925876796601,Terrestrial (coincident aquatic)
5,2014-11-01,5.464230837546479,Terrestrial
6,2014-11-01,5.740053433035844,Terrestrial
7,2014-11-01,6.790596659040462,Terrestrial (coincident aquatic)
8,2014-11-01,6.221091701562404,Terrestrial
9,2014-11-01,5.577005846408604,Terrestrial (coincident aquatic)
10,2014-11-01,7.286339816833431,Terrestrial (coincident aquatic)
11,2014-11-01,6.51348635563446,Aquatic
12,2014-11-01,7.895256180090646,Aquatic
13,2014-11-01,6.88535342270069,Aquatic
14,2014-11-01,8.179495811462402,Aquatic
15,2014-11-01,,Aquatic
16,2014-11-01,8.218470573425293,Aquatic
17,2014-11-01,7.7765039664048405,Aquatic
18,2014-11-01,5.7040934562683105,Aquatic
19,2014-11-01,6.278574815839162,Terrestrial
20,2014-11-01,5.698012986958563,Terrestrial
1,2014-12-01,5.526741571593704,Terrestrial
2,2014-12-01,6.302390382058706,Terrestrial (coincident aquatic)
3,2014-12-01,6.8409881792060405,Terrestrial (coincident aquatic)
4,2014-12-01,5.975337181521677,Terrestrial (coincident aquatic)
5,2014-12-01,4.886370135158307,Terrestrial
6,2014-12-01,5.349436861715309,Terrestrial
7,2014-12-01,5.849649441043389,Terrestrial (coincident aquatic)
8,2014-12-01,5.811773018893089,Terrestrial
9,2014-12-01,4.961685528830502,Terrestrial (coincident aquatic)
10,2014-12-01,7.798833417565026,Terrestrial (coincident aquatic)
11,2014-12-01,7.230664369399993,Aquatic
12,2014-12-01,6.6149388000498694,Aquatic
13,2014-12-01,6.361241953560476,Aquatic
14,2014-12-01,7.742316246032715,Aquatic
15,2014-12-01,,Aquatic
16,2014-12-01,7.111062049865723,Aquatic
17,2014-12-01,7.126825406001164,Aquatic
18,2014-12-01,5.781379222869873,Aquatic
19,2014-12-01,5.8274303952950515,Terrestrial
20,2014-12-01,5.479595645838603,Terrestrial
1,2015-10-01,5.279689172555133,Terrestrial
2,2015-10-01,5.416962460803038,Terrestrial (coincident aquatic)
3,2015-10-01,6.222491442453985,Terrestrial (coincident aquatic)
4,2015-10-01,5.3924664263448445,Terrestrial (coincident aquatic)
5,2015-10-01,4.967744394945726,Terrestrial
6,2015-10-01,5.1539082193325205,Terrestrial
7,2015-10-01,5.914467090927665,Terrestrial (coincident aquatic)
8,2015-10-01,5.292340799564715,Terrestrial
9,2015-10-01,4.869571553448697,Terrestrial (coincident aquatic)
10,2015-10-01,6.405311320704331,Terrestrial (coincident aquatic)
11,2015-10-01,6.015316087208437,Aquatic
12,2015-10-01,6.785814596690479,Aquatic
13,2015-10-01,5.643926946232828,Aquatic
14,2015-10-01,6.5912065505981445,Aquatic
15,2015-10-01,,Aquatic
16,2015-10-01,6.456405162811279,Aquatic
17,2015-10-01,6.219809935643123,Aquatic
18,2015-10-01,4.94091796875,Aquatic
19,2015-10-01,6.034331411733481,Terrestrial
20,2015-10-01,4.855944904688837,Terrestrial
1,2015-11-01,6.439907448433198,Terrestrial
2,2015-11-01,6.195042438657418,Terrestrial (coincident aquatic)
3,2015-11-01,6.489518099264542,Terrestrial (coincident aquatic)
4,2015-11-01,5.892825029610484,Terrestrial (coincident aquatic)
5,2015-11-01,5.162540019029471,Terrestrial
6,2015-11-01,5.426663206464109,Terrestrial
7,2015-11-01,5.9286193457711,Terrestrial (coincident aquatic)
8,2015-11-01,5.553389812342485,Terrestrial
9,2015-11-01,5.070570273578226,Terrestrial (coincident aquatic)
10,2015-11-01,7.342745458308565,Terrestrial (coincident aquatic)
11,2015-11-01,7.17691638350365,Aquatic
12,2015-11-01,6.649622052963857,Aquatic
13,2015-11-01,6.003369150268897,Aquatic
14,2015-11-01,7.369592189788818,Aquatic
15,2015-11-01,,Aquatic
16,2015-11-01,6.919270038604736,Aquatic
17,2015-11-01,6.826968156374417,Aquatic
18,2015-11-01,5.75356912612915,Aquatic
19,2015-11-01,6.385899062824484,Terrestrial
20,2015-11-01,6.073107943675278,Terrestrial
1,2015-12-01,5.471137868830237,Terrestrial
2,2015-12-01,5.446865332381814,Terrestrial (coincident aquatic)
3,2015-12-01,5.870588827604229,Terrestrial (coincident aquatic)
4,2015-12-01,5.285238623557831,Terrestrial (coincident aquatic)
5,2015-12-01,4.849975896066254,Terrestrial
6,2015-12-01,4.987026239409133,Terrestrial
7,2015-12-01,5.821661809768609,Terrestrial (coincident aquatic)
8,2015-12-01,5.138549035066827,Terrestrial
9,2015-12-01,4.656086346733605,Terrestrial (coincident aquatic)
10,2015-12-01,6.495818718288795,Terrestrial (coincident aquatic)
11,2015-12-01,6.316763809192412,Aquatic
12,2015-12-01,6.482888931344032,Aquatic
13,2015-12-01,5.3777581097034926,Aquatic
14,2015-12-01,6.33696174621582,Aquatic
15,2015-12-01,,Aquatic
16,2015-12-01,6.053239822387695,Aquatic
17,2015-12-01,5.872335323920616,Aquatic
18,2015-12-01,5.08912992477417,Aquatic
19,2015-12-01,5.869402813188957,Terrestrial
20,2015-12-01,5.364301280633437,Terrestrial
1,2016-10-01,5.490106861294562,Terrestrial
2,2016-10-01,5.200167081698647,Terrestrial (coincident aquatic)
3,2016-10-01,6.254841127968965,Terrestrial (coincident aquatic)
4,2016-10-01,5.130099280053243,Terrestrial (coincident aquatic)
5,2016-10-01,4.897650690497165,Terrestrial
6,2016-10-01,4.9296656818578475,Terrestrial
7,2016-10-01,6.251904354719847,Terrestrial (coincident aquatic)
8,2016-10-01,5.1980558793584875,Terrestrial
9,2016-10-01,5.022411797948086,Terrestrial (coincident aquatic)
10,2016-10-01,6.174213926999801,Terrestrial (coincident aquatic)
11,2016-10-01,6.170564826102252,Aquatic
12,2016-10-01,7.172356782828951,Aquatic
13,2016-10-01,5.146062949534213,Aquatic
14,2016-10-01,6.095275402069092,Aquatic
15,2016-10-01,,Aquatic
16,2016-10-01,6.1718878746032715,Aquatic
17,2016-10-01,5.718204645010141,Aquatic
18,2016-10-01,4.7983012199401855,Aquatic
19,2016-10-01,5.892962308519693,Terrestrial
20,2016-10-01,5.194982513850233,Terrestrial
1,2016-11-01,6.168147860015546,Terrestrial
2,2016-11-01,6.576514366107736,Terrestrial (coincident aquatic)
3,2016-11-01,6.444774874408064,Terrestrial (coincident aquatic)
4,2016-11-01,6.127674784332048,Terrestrial (coincident aquatic)
5,2016-11-01,5.02347649713819,Terrestrial
6,2016-11-01,5.467973792071016,Terrestrial
7,2016-11-01,6.0545761745190285,Terrestrial (coincident aquatic)
8,2016-11-01,5.550903983067566,Terrestrial
9,2016-11-01,4.841159935906045,Terrestrial (coincident aquatic)
10,2016-11-01,8.026344826163736,Terrestrial (coincident aquatic)
11,2016-11-01,7.5106669334396035,Aquatic
12,2016-11-01,6.76193697225228,Aquatic
13,2016-11-01,6.4928097060557155,Aquatic
14,2016-11-01,8.087839126586914,Aquatic
15,2016-11-01,,Aquatic
16,2016-11-01,7.086957931518555,Aquatic
17,2016-11-01,7.3678305332477265,Aquatic
18,2016-11-01,6.091928005218506,Aquatic
19,2016-11-01,6.05991345424324,Terrestrial
20,2016-11-01,5.915718069394024,Terrestrial
1,2016-12-01,5.946868108129543,Terrestrial
2,2016-12-01,6.083392156726648,Terrestrial (coincident aquatic)
3,2016-12-01,6.275142732663846,Terrestrial (coincident aquatic)
4,2016-12-01,5.88406754352598,Terrestrial (coincident aquatic)
5,2016-12-01,5.226280832451585,Terrestrial
6,2016-12-01,5.522134537978584,Terrestrial
7,2016-12-01,5.962196126072033,Terrestrial (coincident aquatic)
8,2016-12-01,5.6148067132884885,Terrestrial
9,2016-12-01,4.92313305835027,Terrestrial (coincident aquatic)
10,2016-12-01,7.479520756542618,Terrestrial (coincident aquatic)
11,2016-12-01,7.241819618671249,Aquatic
12,2016-12-01,6.431923802428006,Aquatic
13,2016-12-01,6.03523478347264,Aquatic
14,2016-12-01,7.163482189178467,Aquatic
15,2016-12-01,,Aquatic
16,2016-12-01,6.5831451416015625,Aquatic
17,2016-12-01,6.618610235360952,Aquatic
18,2016-12-01,5.73061466217041,Aquatic
19,2016-12-01,6.297936324503068,Terrestrial
20,2016-12-01,5.694205683355296,Terrestrial
1,2017-10-01,6.397388355076664,Terrestrial
2,2017-10-01,6.273627314993006,Terrestrial (coincident aquatic)
3,2017-10-01,7.264017901311578,Terrestrial (coincident aquatic)
4,2017-10-01,6.401300266683662,Terrestrial (coincident aquatic)
5,2017-10-01,5.413598226824044,Terrestrial
6,2017-10-01,5.786850055907962,Terrestrial
7,2017-10-01,6.25921969544926,Terrestrial (coincident aquatic)
8,2017-10-01,6.002022022734356,Terrestrial
9,2017-10-01,5.268140960139794,Terrestrial (coincident aquatic)
10,2017-10-01,6.985410551030499,Terrestrial (coincident aquatic)
11,2017-10-01,6.794698175784881,Aquatic
12,2017-10-01,7.1188518527260465,Aquatic
13,2017-10-01,6.496301834235031,Aquatic
14,2017-10-01,7.337837219238281,Aquatic
15,2017-10-01,,Aquatic
16,2017-10-01,7.914506435394287,Aquatic
17,2017-10-01,7.149400344261757,Aquatic
18,2017-10-01,5.755194664001465,Aquatic
19,2017-10-01,6.766375956625161,Terrestrial
20,2017-10-01,6.045978899588199,Terrestrial
1,2017-11-01,6.195080984505199,Terrestrial
2,2017-11-01,6.322861290307171,Terrestrial (coincident aquatic)
3,2017-11-01,6.597424506656605,Terrestrial (coincident aquatic)
4,2017-11-01,6.120923214445461,Terrestrial (coincident aquatic)
5,2017-11-01,5.101684938528863,Terrestrial
6,2017-11-01,5.361393654938664,Terrestrial
7,2017-11-01,6.230305650532764,Terrestrial (coincident aquatic)
8,2017-11-01,5.512024007206251,Terrestrial
9,2017-11-01,5.004281168793641,Terrestrial (coincident aquatic)
10,2017-11-01,7.36017673238762,Terrestrial (coincident aquatic)
11,2017-11-01,6.864181029540891,Aquatic
12,2017-11-01,6.803430751792079,Aquatic
13,2017-11-01,6.471726838658365,Aquatic
14,2017-11-01,7.703116416931152,Aquatic
15,2017-11-01,,Aquatic
16,2017-11-01,7.399994373321533,Aquatic
17,2017-11-01,7.263597488403319,Aquatic
18,2017-11-01,5.776336193084717,Aquatic
19,2017-11-01,6.6469363705434334,Terrestrial
20,2017-11-01,5.860083571164158,Terrestrial
1,2017-12-01,5.980250793491292,Terrestrial
2,2017-12-01,6.628019294122288,Terrestrial (coincident aquatic)
3,2017-12-01,6.815320725969901,Terrestrial (coincident aquatic)
4,2017-12-01,6.275029264037017,Terrestrial (coincident aquatic)
5,2017-12-01,4.990271993485241,Terrestrial
6,2017-12-01,5.430026804371397,Terrestrial
7,2017-12-01,6.227284132736903,Terrestrial (coincident aquatic)
8,2017-12-01,5.742502834774119,Terrestrial
9,2017-12-01,4.935967054583595,Terrestrial (coincident aquatic)
10,2017-12-01,8.043355582877966,Terrestrial (coincident aquatic)
11,2017-12-01,7.331211370637638,Aquatic
12,2017-12-01,6.930194124231234,Aquatic
13,2017-12-01,6.723564224028856,Aquatic
14,2017-12-01,8.262333869934082,Aquatic
15,2017-12-01,,Aquatic
16,2017-12-01,7.620614051818848,Aquatic
17,2017-12-01,7.634789283459003,Aquatic
18,2017-12-01,6.016772270202637,Aquatic
19,2017-12-01,5.893241340268548,Terrestrial
20,2017-12-01,5.8351975749305245,Terrestrial
1,2018-10-01,7.024166606721426,Terrestrial
2,2018-10-01,6.350524523315919,Terrestrial (coincident aquatic)
3,2018-10-01,7.216405147070136,Terrestrial (coincident aquatic)
4,2018-10-01,6.316722310902138,Terrestrial (coincident aquatic)
5,2018-10-01,5.659160577850918,Terrestrial
6,2018-10-01,5.793964569595818,Terrestrial
7,2018-10-01,6.547360774026691,Terrestrial (coincident aquatic)
8,2018-10-01,5.949674919670147,Terrestrial
9,2018-10-01,5.4393201639009705,Terrestrial (coincident aquatic)
10,2018-10-01,7.135898316738016,Terrestrial (coincident aquatic)
11,2018-10-01,6.994698744385186,Aquatic
12,2018-10-01,7.355547364205807,Aquatic
13,2018-10-01,6.360149369614848,Aquatic
14,2018-10-01,7.529823303222656,Aquatic
15,2018-10-01,,Aquatic
16,2018-10-01,7.637485980987549,Aquatic
17,2018-10-01,7.160307517418494,Aquatic
18,2018-10-01,5.8304033279418945,Aquatic
19,2018-10-01,7.05043107813055,Terrestrial
20,2018-10-01,6.361575363601217,Terrestrial
1,2018-11-01,5.980522159745322,Terrestrial
2,2018-11-01,6.049959029753723,Terrestrial (coincident aquatic)
3,2018-11-01,6.5946766505563055,Terrestrial (coincident aquatic)
4,2018-11-01,5.78603685594295,Terrestrial (coincident aquatic)
5,2018-11-01,5.092546551431577,Terrestrial
6,2018-11-01,5.393683316519211,Terrestrial
7,2018-11-01,6.282272213040105,Terrestrial (coincident aquatic)
8,2018-11-01,5.594628180761526,Terrestrial
9,2018-11-01,4.955710387253456,Terrestrial (coincident aquatic)
10,2018-11-01,7.4172574152875805,Terrestrial (coincident aquatic)
11,2018-11-01,7.145123039982048,Aquatic
12,2018-11-01,7.092056573952055,Aquatic
13,2018-11-01,6.004872928576523,Aquatic
14,2018-11-01,7.437328338623047,Aquatic
15,2018-11-01,,Aquatic
16,2018-11-01,6.972301959991455,Aquatic
17,2018-11-01,6.833635733677791,Aquatic
18,2018-11-01,5.5380539894104,Aquatic
19,2018-11-01,6.401883394185097,Terrestrial
20,2018-11-01,5.6763739681121805,Terrestrial
1,2018-12-01,5.819031722165192,Terrestrial
2,2018-12-01,5.498841229995614,Terrestrial (coincident aquatic)
3,2018-12-01,5.79839747205751,Terrestrial (coincident aquatic)
4,2018-12-01,5.469669374522944,Terrestrial (coincident aquatic)
5,2018-12-01,4.971526308648523,Terrestrial
6,2018-12-01,5.1697094118982,Terrestrial
7,2018-12-01,5.92897193601602,Terrestrial (coincident aquatic)
8,2018-12-01,5.165879229461305,Terrestrial
9,2018-12-01,4.626961142807345,Terrestrial (coincident aquatic)
10,2018-12-01,6.341430467744145,Terrestrial (coincident aquatic)
11,2018-12-01,6.262714591527983,Aquatic
12,2018-12-01,6.592003229025097,Aquatic
13,2018-12-01,5.503202806965689,Aquatic
14,2018-12-01,6.0979413986206055,Aquatic
15,2018-12-01,,Aquatic
16,2018-12-01,6.057437896728516,Aquatic
17,2018-12-01,5.795400546147273,Aquatic
18,2018-12-01,5.262747287750244,Aquatic
19,2018-12-01,6.181986389542877,Terrestrial
20,2018-12-01,5.4852016599169175,Terrestrial
1,2019-10-01,6.061294564726759,Terrestrial
2,2019-10-01,5.450653286401885,Terrestrial (coincident aquatic)
3,2019-10-01,6.423824324891825,Terrestrial (coincident aquatic)
4,2019-10-01,5.6091875037748435,Terrestrial (coincident aquatic)
5,2019-10-01,5.26508008295377,Terrestrial
6,2019-10-01,5.429423240580711,Terrestrial
7,2019-10-01,6.222159121503633,Terrestrial (coincident aquatic)
8,2019-10-01,5.528216094392966,Terrestrial
9,2019-10-01,5.145549799212109,Terrestrial (coincident aquatic)
10,2019-10-01,6.28178573842078,Terrestrial (coincident aquatic)
11,2019-10-01,6.102543967736996,Aquatic
12,2019-10-01,6.988426236473576,Aquatic
13,2019-10-01,5.672007521082846,Aquatic
14,2019-10-01,6.358132362365723,Aquatic
15,2019-10-01,,Aquatic
16,2019-10-01,6.65117883682251,Aquatic
17,2019-10-01,6.122547296377328,Aquatic
18,2019-10-01,5.020094394683838,Aquatic
19,2019-10-01,6.725848994032464,Terrestrial
20,2019-10-01,5.487653993369677,Terrestrial
1,2019-11-01,5.9203480786847,Terrestrial
2,2019-11-01,6.113357597764907,Terrestrial (coincident aquatic)
3,2019-11-01,7.001813687155754,Terrestrial (coincident aquatic)
4,2019-11-01,6.079483518843006,Terrestrial (coincident aquatic)
5,2019-11-01,5.175770602776273,Terrestrial
6,2019-11-01,5.493579285308872,Terrestrial
7,2019-11-01,6.2816877902845025,Terrestrial (coincident aquatic)
8,2019-11-01,5.733891951869274,Terrestrial
9,2019-11-01,5.146986899394743,Terrestrial (coincident aquatic)
10,2019-11-01,7.102170220255463,Terrestrial (coincident aquatic)
11,2019-11-01,6.673246325462659,Aquatic
12,2019-11-01,7.221182633357185,Aquatic
13,2019-11-01,6.345526188411069,Aquatic
14,2019-11-01,7.392845153808594,Aquatic
15,2019-11-01,,Aquatic
16,2019-11-01,7.452489376068115,Aquatic
17,2019-11-01,7.050439614516037,Aquatic
18,2019-11-01,5.569736957550049,Aquatic
19,2019-11-01,6.161915810746701,Terrestrial
20,2019-11-01,5.579139048494541,Terrestrial
1,2019-12-01,6.4222822650433,Terrestrial
2,2019-12-01,6.784450986359657,Terrestrial (coincident aquatic)
3,2019-12-01,7.850939040085774,Terrestrial (coincident aquatic)
4,2019-12-01,6.931504564837328,Terrestrial (coincident aquatic)
5,2019-12-01,5.6454143139065,Terrestrial
6,2019-12-01,6.154918493489582,Terrestrial
7,2019-12-01,6.729018777527263,Terrestrial (coincident aquatic)
8,2019-12-01,6.563161633928168,Terrestrial
9,2019-12-01,5.5551492237032685,Terrestrial (coincident aquatic)
10,2019-12-01,7.660585246449737,Terrestrial (coincident aquatic)
11,2019-12-01,6.8216444391517514,Aquatic
12,2019-12-01,7.558816190020493,Aquatic
13,2019-12-01,7.282319433233712,Aquatic
14,2019-12-01,8.383646011352539,Aquatic
15,2019-12-01,,Aquatic
16,2019-12-01,8.511741638183594,Aquatic
17,2019-12-01,8.012309074401855,Aquatic
18,2019-12-01,6.172737121582031,Aquatic
19,2019-12-01,6.847322893962814,Terrestrial
20,2019-12-01,6.164117669265494,Terrestrial
1,2020-10-01,5.656561946609964,Terrestrial
2,2020-10-01,5.568549989947887,Terrestrial (coincident aquatic)
3,2020-10-01,6.464844129343273,Terrestrial (coincident aquatic)
4,2020-10-01,5.535772542182582,Terrestrial (coincident aquatic)
5,2020-10-01,5.108433916437644,Terrestrial
6,2020-10-01,5.203120324212618,Terrestrial
7,2020-10-01,6.20105086442455,Terrestrial (coincident aquatic)
8,2020-10-01,5.417922237606543,Terrestrial
9,2020-10-01,5.054846837631217,Terrestrial (coincident aquatic)
10,2020-10-01,6.673917039913263,Terrestrial (coincident aquatic)
11,2020-10-01,6.211484009691107,Aquatic
12,2020-10-01,6.94200100891423,Aquatic
13,2020-10-01,5.705657419997655,Aquatic
14,2020-10-01,6.93454122543335,Aquatic
15,2020-10-01,,Aquatic
16,2020-10-01,6.757795333862305,Aquatic
17,2020-10-01,6.475731262793907,Aquatic
18,2020-10-01,5.072360992431641,Aquatic
19,2020-10-01,6.423591438226286,Terrestrial
20,2020-10-01,5.106693381322942,Terrestrial
1,2020-11-01,6.428811491581433,Terrestrial
2,2020-11-01,6.482049118020819,Terrestrial (coincident aquatic)
3,2020-11-01,7.189225025483858,Terrestrial (coincident aquatic)
4,2020-11-01,6.459732547854085,Terrestrial (coincident aquatic)
5,2020-11-01,5.245859926324861,Terrestrial
6,2020-11-01,5.712083620751704,Terrestrial
7,2020-11-01,5.9834413682461856,Terrestrial (coincident aquatic)
8,2020-11-01,6.0035802560643114,Terrestrial
9,2020-11-01,5.157474462183418,Terrestrial (coincident aquatic)
10,2020-11-01,7.388451515469348,Terrestrial (coincident aquatic)
11,2020-11-01,6.904491448426757,Aquatic
12,2020-11-01,6.568118641772165,Aquatic
13,2020-11-01,6.738941466942262,Aquatic
14,2020-11-01,7.901296615600586,Aquatic
15,2020-11-01,,Aquatic
16,2020-11-01,7.916672229766846,Aquatic
17,2020-11-01,7.514331157390887,Aquatic
18,2020-11-01,5.931142807006836,Aquatic
19,2020-11-01,6.448815948351986,Terrestrial
20,2020-11-01,6.050583015117086,Terrestrial
1,2020-12-01,5.904203449673921,Terrestrial
2,2020-12-01,6.01177853663062,Terrestrial (coincident aquatic)
3,2020-12-01,6.667039931725554,Terrestrial (coincident aquatic)
4,2020-12-01,5.9551946442714,Terrestrial (coincident aquatic)
5,2020-12-01,4.997015208754957,Terrestrial
6,2020-12-01,5.276994080608537,Terrestrial
7,2020-12-01,6.104403898999083,Terrestrial (coincident aquatic)
8,2020-12-01,5.654964515754427,Terrestrial
9,2020-12-01,4.959283956582313,Terrestrial (coincident aquatic)
10,2020-12-01,7.094964163338699,Terrestrial (coincident aquatic)
11,2020-12-01,6.595727006310218,Aquatic
12,2020-12-01,6.775222104095506,Aquatic
13,2020-12-01,6.238403206728817,Aquatic
14,2020-12-01,7.351375102996826,Aquatic
15,2020-12-01,,Aquatic
16,2020-12-01,7.1232008934021,Aquatic
17,2020-12-01,6.891103707827054,Aquatic
18,2020-12-01,5.495908737182617,Aquatic
19,2020-12-01,6.006976040341052,Terrestrial
20,2020-12-01,5.641796570886573,Terrestrial
1,2021-10-01,6.4406170897814485,Terrestrial
2,2021-10-01,6.195630677327598,Terrestrial (coincident aquatic)
3,2021-10-01,7.020141578144586,Terrestrial (coincident aquatic)
4,2021-10-01,6.077250019310476,Terrestrial (coincident aquatic)
5,2021-10-01,5.408786846404751,Terrestrial
6,2021-10-01,5.638824846059946,Terrestrial
7,2021-10-01,6.648332890450494,Terrestrial (coincident aquatic)
8,2021-10-01,5.8073316620910385,Terrestrial
9,2021-10-01,5.399531620370198,Terrestrial (coincident aquatic)
10,2021-10-01,7.0193192420645145,Terrestrial (coincident aquatic)
11,2021-10-01,6.6641982644035345,Aquatic
12,2021-10-01,7.638314446633572,Aquatic
13,2021-10-01,6.2226214773199535,Aquatic
14,2021-10-01,7.505828380584717,Aquatic
15,2021-10-01,,Aquatic
16,2021-10-01,7.5442280769348145,Aquatic
17,2021-10-01,7.111839771270751,Aquatic
18,2021-10-01,5.637494087219238,Aquatic
19,2021-10-01,6.780829012930931,Terrestrial
20,2021-10-01,5.929339360519197,Terrestrial
1,2021-11-01,5.969241720891141,Terrestrial
2,2021-11-01,6.090263711389256,Terrestrial (coincident aquatic)
3,2021-11-01,6.510712563490215,Terrestrial (coincident aquatic)
4,2021-11-01,5.942421810148023,Terrestrial (coincident aquatic)
5,2021-11-01,5.104524034901889,Terrestrial
6,2021-11-01,5.39518758007503,Terrestrial
7,2021-11-01,5.994155673058375,Terrestrial (coincident aquatic)
8,2021-11-01,5.571151035184704,Terrestrial
9,2021-11-01,4.92426455075037,Terrestrial (coincident aquatic)
10,2021-11-01,7.193162137642635,Terrestrial (coincident aquatic)
11,2021-11-01,7.098433941206966,Aquatic
12,2021-11-01,6.661402750397509,Aquatic
13,2021-11-01,6.086393610279212,Aquatic
14,2021-11-01,7.102447986602783,Aquatic
15,2021-11-01,,Aquatic
16,2021-11-01,6.999327182769775,Aquatic
17,2021-11-01,6.708784616910494,Aquatic
18,2021-11-01,5.671745777130127,Aquatic
19,2021-11-01,5.956589570502392,Terrestrial
20,2021-11-01,5.747557716394052,Terrestrial
1,2021-12-01,5.3818209368483485,Terrestrial
2,2021-12-01,5.841370495846508,Terrestrial (coincident aquatic)
3,2021-12-01,6.8696085687077995,Terrestrial (coincident aquatic)
4,2021-12-01,5.788300298811495,Terrestrial (coincident aquatic)
5,2021-12-01,4.694759510290961,Terrestrial
6,2021-12-01,5.038959384240201,Terrestrial
7,2021-12-01,5.82924234383374,Terrestrial (coincident aquatic)
8,2021-12-01,5.480568430696974,Terrestrial
9,2021-12-01,4.6223186134232925,Terrestrial (coincident aquatic)
10,2021-12-01,6.9569403377129015,Terrestrial (coincident aquatic)
11,2021-12-01,6.236872638696547,Aquatic
12,2021-12-01,6.685471980579473,Aquatic
13,2021-12-01,6.250389302714487,Aquatic
14,2021-12-01,7.6821088790893555,Aquatic
15,2021-12-01,,Aquatic
16,2021-12-01,7.556656360626221,Aquatic
17,2021-12-01,7.203966360825759,Aquatic
18,2021-12-01,5.154830455780029,Aquatic
19,2021-12-01,5.7766359897054285,Terrestrial
20,2021-12-01,5.038782083850817,Terrestrial
